<?xml version="1.0" encoding="UTF-8"?>
<project-private xmlns="http://www.netbeans.org/ns/project-private/1">
    <editor-bookmarks xmlns="http://www.netbeans.org/ns/editor-bookmarks/2" lastBookmarkId="0"/>
    <open-files xmlns="http://www.netbeans.org/ns/projectui-open-files/2">
        <group>
            <file>file:/C:/Users/Kim%20JeHeon/Documents/NetBeansProjects/Starcraft/src/GUI/StartUI.java</file>
            <file>file:/C:/Users/Kim%20JeHeon/Documents/NetBeansProjects/Starcraft/src/GUI/GameMainUI.java</file>
            <file>file:/C:/Users/Kim%20JeHeon/Documents/NetBeansProjects/Starcraft/src/GUI/GameOver.java</file>
            <file>file:/C:/Users/Kim%20JeHeon/Documents/NetBeansProjects/Starcraft/src/GUI/mButton.java</file>
            <file>file:/C:/Users/Kim%20JeHeon/Documents/NetBeansProjects/Starcraft/src/GUI/MainClass.java</file>
        </group>
    </open-files>
</project-private>
